{"cameraMode":{"drawMode":0,"name":"Shaded","section":"Shading Mode"},"sceneLighting":false,"audioPlay":false,"sceneViewState":{"m_AlwaysRefresh":false,"showFog":true,"showSkybox":false,"showFlares":true,"showImageEffects":true,"showParticleSystems":true,"showVisualEffectGraphs":true,"m_FxEnabled":false},"in2DMode":false,"pivot":{"x":76.86219024658203,"y":0.6362056136131287,"z":76.30387878417969},"rotation":{"x":-0.07949047535657883,"y":-0.8853909373283386,"z":0.16468244791030885,"w":-0.42736896872520449},"size":0.23097361624240876,"orthographic":false}