{"cameraMode":{"drawMode":0,"name":"Shaded","section":"Shading Mode"},"sceneLighting":true,"audioPlay":false,"sceneViewState":{"m_AlwaysRefresh":false,"showFog":true,"showSkybox":true,"showFlares":true,"showImageEffects":true,"showParticleSystems":true,"showVisualEffectGraphs":true,"m_FxEnabled":true},"in2DMode":false,"pivot":{"x":85.29969787597656,"y":2.0309715270996095,"z":64.59941864013672},"rotation":{"x":0.14468570053577424,"y":-0.06377431005239487,"z":0.00934518687427044,"w":0.9873760938644409},"size":12.12435531616211,"orthographic":true}