{"cameraMode":{"drawMode":0,"name":"Shaded","section":"Shading Mode"},"sceneLighting":true,"audioPlay":false,"sceneViewState":{"m_AlwaysRefresh":false,"showFog":true,"showSkybox":true,"showFlares":true,"showImageEffects":true,"showParticleSystems":true,"showVisualEffectGraphs":true,"m_FxEnabled":false},"in2DMode":false,"pivot":{"x":100.96570587158203,"y":107.13790893554688,"z":178.36959838867188},"rotation":{"x":0.20248427987098695,"y":-0.4328952133655548,"z":0.10044670104980469,"w":0.8726465106010437},"size":214.96572875976563,"orthographic":false}