{"cameraMode":{"drawMode":0,"name":"Shaded","section":"Shading Mode"},"sceneLighting":false,"audioPlay":false,"sceneViewState":{"m_AlwaysRefresh":false,"showFog":true,"showSkybox":false,"showFlares":true,"showImageEffects":true,"showParticleSystems":true,"showVisualEffectGraphs":true,"m_FxEnabled":true},"in2DMode":false,"pivot":{"x":0.5969331860542297,"y":0.8699206113815308,"z":0.11563574522733689},"rotation":{"x":0.21725372970104218,"y":0.2927383482456207,"z":-0.06848486512899399,"w":0.9286665320396423},"size":1.6794503927230836,"orthographic":false}