{"cameraMode":{"drawMode":0,"name":"Shaded","section":"Shading Mode"},"sceneLighting":true,"audioPlay":false,"sceneViewState":{"m_AlwaysRefresh":false,"showFog":true,"showSkybox":true,"showFlares":true,"showImageEffects":true,"showParticleSystems":true,"showVisualEffectGraphs":true,"m_FxEnabled":false},"in2DMode":false,"pivot":{"x":111.07572937011719,"y":0.3083626329898834,"z":42.45351028442383},"rotation":{"x":0.020108109340071679,"y":0.9125804901123047,"z":-0.04520966485142708,"w":0.40589258074760439},"size":2.403358221054077,"orthographic":false}