{"cameraMode":{"drawMode":0,"name":"Shaded","section":"Shading Mode"},"sceneLighting":false,"audioPlay":false,"sceneViewState":{"m_AlwaysRefresh":false,"showFog":true,"showSkybox":false,"showFlares":true,"showImageEffects":true,"showParticleSystems":true,"showVisualEffectGraphs":true,"m_FxEnabled":true},"in2DMode":false,"pivot":{"x":0.0771760642528534,"y":0.22327052056789399,"z":0.010519340634346009},"rotation":{"x":0.2781423032283783,"y":0.7209120988845825,"z":-0.42657923698425295,"w":0.47005653381347659},"size":0.8740171194076538,"orthographic":false}