{"cameraMode":{"drawMode":0,"name":"Shaded","section":"Shading Mode"},"sceneLighting":true,"audioPlay":false,"sceneViewState":{"m_AlwaysRefresh":false,"showFog":true,"showSkybox":true,"showFlares":true,"showImageEffects":true,"showParticleSystems":true,"showVisualEffectGraphs":true,"m_FxEnabled":true},"in2DMode":false,"pivot":{"x":111.328857421875,"y":60.03310775756836,"z":50.96938705444336},"rotation":{"x":-0.00020201914594508708,"y":0.9997518062591553,"z":-0.01980730891227722,"w":-0.010196938179433346},"size":825.3126831054688,"orthographic":false}