{"cameraMode":{"drawMode":0,"name":"Shaded","section":"Shading Mode"},"sceneLighting":false,"audioPlay":false,"sceneViewState":{"m_AlwaysRefresh":false,"showFog":true,"showSkybox":false,"showFlares":true,"showImageEffects":true,"showParticleSystems":true,"showVisualEffectGraphs":true,"m_FxEnabled":true},"in2DMode":false,"pivot":{"x":85.52529907226563,"y":1.753100037574768,"z":63.658599853515628},"rotation":{"x":0.2921450734138489,"y":0.29212522506713869,"z":-0.09422159194946289,"w":0.9057809114456177},"size":0.22016598284244538,"orthographic":true}